기관명,자치구,주소원문,주소정제,latitude,longitude,matched_address,주소재시도
(사)고령사회고용진흥원,영등포구,"서울특별시 영등포구 경인로 775 (문래동3가) 								1동 618호",서울특별시 영등포구 경인로 775,37.51474642,126.8975368,서울 영등포구 경인로 775,서울특별시 영등포구 경인로 775
(사)대한노인회 강남구지회,강남구,서울특별시 강남구 선릉로 706 (청담동),서울특별시 강남구 선릉로 706,37.51809377,127.041252,서울 강남구 선릉로 706,서울특별시 강남구 선릉로 706
(사)벤처기업협회,구로구,서울특별시 구로구 디지털로30길 28 (구로동),서울특별시 구로구 디지털로30길 28,37.48210794,126.8952815,서울 구로구 디지털로30길 28,서울특별시 구로구 디지털로30길 28
(사)서울고용포럼,강동구,"서울특별시 강동구 천호대로151길 36(천호동) 								3층 서울고용포럼 사무국",서울특별시 강동구 천호대로151길 36,37.54063525,127.1235668,서울 강동구 천호대로151길 36,서울특별시 강동구 천호대로151길 36
(사)하늘터노인복지회,관악구,"서울특별시 관악구 관악로 109 (봉천동) 								2층",서울특별시 관악구 관악로 109,37.4748804,126.9524721,서울 관악구 관악로 109,서울특별시 관악구 관악로 109
(사)한국가사노동자협회,영등포구,"서울특별시 영등포구 국제금융로6길 26 (여의도동) 								904호",서울특별시 영등포구 국제금융로6길 26,37.52195469,126.9269736,서울 영등포구 국제금융로6길 26,서울특별시 영등포구 국제금융로6길 26
(사)한국경비협회,성동구,"서울특별시 성동구 성수이로20길 10 (성수동2가) 								경협회관 5층",서울특별시 성동구 성수이로20길 10,37.54322764,127.0576415,서울 성동구 성수이로20길 10,서울특별시 성동구 성수이로20길 10
(사)한국경영혁신중소기업협회,종로구,"서울특별시 종로구 종로 413 (숭인동) 								2층",서울특별시 종로구 종로 413,37.57597791,127.0225356,서울 종로구 종로 413,서울특별시 종로구 종로 413
(사)한국안정교육협회서울분소,광진구,서울특별시 광진구 자양로49길 16-7 (구의동),서울특별시 광진구 자양로49길 16-7,37.55310876,127.0920935,서울 광진구 자양로49길 16-7,서울특별시 광진구 자양로49길 16-7
(사)한국은빛희망협회,영등포구,서울특별시 영등포구 영신로 200,서울특별시 영등포구 영신로 200,37.52516742,126.9032996,서울 영등포구 영신로 200,서울특별시 영등포구 영신로 200
(사)한국진로직업개발원,서초구,"서울특별시 서초구 강남대로10길 65 (양재동) 								3층",서울특별시 서초구 강남대로10길 65,37.46993209,127.0424378,서울 서초구 강남대로10길 65,서울특별시 서초구 강남대로10길 65
(사)한국취업컨설턴트협회,영등포구,서울특별시 영등포구 국제금융로 8길 34,서울특별시 영등포구 국제금융로 8길 34,37.52023628,126.9272382,서울 영등포구 국제금융로8길 34,서울특별시 영등포구 국제금융로 8길 34
(주)리부트코리아,영등포구,"서울특별시 영등포구 영신로19길 28(영등포동) 								2층",서울특별시 영등포구 영신로19길 28,37.51364849,126.9050052,서울 영등포구 영신로19길 28,서울특별시 영등포구 영신로19길 28
(주)메이크인,중구,서울특별시 중구신당동 다산로 태양빌딩 6층,서울특별시 중구 퇴계로 344,37.56436782,127.0096812,서울 중구 퇴계로 344,서울특별시 중구 퇴계로 344
(주)블루안컨설팅,성동구,서울특별시 성동구 왕십리로 58 (성수동1가),서울특별시 성동구 왕십리로 58,37.54269588,127.0452053,서울 성동구 왕십리로 58,서울특별시 성동구 왕십리로 58
(주)사람마중,은평구,"서울특별시 은평구 통일로 856(불광동) 								3008호",서울특별시 은평구 통일로 856,37.61962267,126.9215229,서울 은평구 통일로 856,서울특별시 은평구 통일로 856
(주)송지,강서구,"서울특별시 강서구 초원로 16-1(방화동) 								3층",서울특별시 강서구 초원로 16-1,37.56766548,126.8072046,서울 강서구 초원로 16-1,서울특별시 강서구 초원로 16-1
(주)유니에스,강남구,"서울특별시 강남구 선릉로 514(삼성동) 								11층",서울특별시 강남구 선릉로 514,37.50560237,127.0491627,서울 강남구 선릉로 514,서울특별시 강남구 선릉로 514
(주)잡모아,양천구,"서울특별시 양천구 오목로 180 (신정동) 								평화빌딩 4층",서울특별시 양천구 오목로 180,37.52498315,126.8573995,서울 양천구 오목로 180,서울특별시 양천구 오목로 180
(주)제이엠커리어 서울서부,마포구,"서울특별시 마포구 만리재로 15(공덕동) 								1303~1304호",서울특별시 마포구 만리재로 15,37.54458493,126.9527677,서울 마포구 만리재로 15,서울특별시 마포구 만리재로 15
(주)지에스씨넷 서울지점,서초구,"서울특별시 서초구 강남대로41길 8(서초동) 								5층",서울특별시 서초구 강남대로41길 8,37.48727416,127.0319217,서울 서초구 강남대로41길 8,서울특별시 서초구 강남대로41길 8
(주)커리어넷,구로구,"서울특별시 구로구 디지털로 273 (구로동) 								2층 205호",서울특별시 구로구 디지털로 273,37.48395432,126.8941033,서울 구로구 디지털로 273,서울특별시 구로구 디지털로 273
(주)티이에스,강남구,"서울특별시 강남구역삼동 테헤란로37길 								영남빌딩 4층",서울특별시 강남구 테헤란로37길 15,37.50315316,127.0403879,서울 강남구 테헤란로37길 15,서울특별시 강남구 테헤란로37길 15
The Bank 신한동우회,서대문구,"서울 서대문구 충정로 77 								5층",서울특별시 서대문구 충정로 77,37.56551037,126.965979,서울 서대문구 충정로 77,서울특별시 서대문구 충정로 77
가양7종합사회복지관,강서구,"서울특별시 강서구 허준로 209 (가양동, 가양7단지아파트)",서울특별시 강서구 허준로 209,37.56173961,126.861588,서울 강서구 허준로 209,서울특별시 강서구 허준로 209
갈월종합사회복지관,용산구,"서울특별시 용산구 두텁바위로 25 (갈월동) 								갈월종합사회복지관 2층 복지과",서울특별시 용산구 두텁바위로 25,37.54581642,126.9748227,서울 용산구 두텁바위로 25,서울특별시 용산구 두텁바위로 25
갈현노인복지관,은평구,서울특별시 은평구 통일로89길 12-6 (갈현동),서울특별시 은평구 통일로89길 12-6,37.62488746,126.9186706,서울 은평구 통일로89길 12-6,서울특별시 은평구 통일로89길 12-6
강감찬관악종합사회복지관,관악구,"서울특별시 관악구 양녕로 74 (봉천동) 								구암빌딩 2층",서울특별시 관악구 양녕로 74,37.48852054,126.946656,서울 관악구 양녕로 74,서울특별시 관악구 양녕로 74
강남구노인통합지원센터,강남구,서울 강남구 봉은사로24길 70,서울특별시 강남구 봉은사로24길 70,37.50238865,127.0318772,서울 강남구 봉은사로24길 70,서울특별시 강남구 봉은사로24길 70
강남구립논현노인종합복지관,강남구,서울특별시 강남구 강남대로128길 59 (논현동),서울특별시 강남구 강남대로128길 59,37.51206542,127.026089,서울 강남구 강남대로128길 59,서울특별시 강남구 강남대로128길 59
강남노인종합복지관,강남구,"서울특별시 강남구 삼성로 628 (삼성동) 								4층 강남노인종합복지관",서울특별시 강남구 삼성로 628,37.51591066,127.0521426,서울 강남구 삼성로 628,서울특별시 강남구 삼성로 628
강남시니어플라자,강남구,서울특별시 강남구 봉은사로 332 (역삼동),서울특별시 강남구 봉은사로 332,37.50978716,127.0432183,서울 강남구 봉은사로 332,서울특별시 강남구 봉은사로 332
강남종합사회복지관,강남구,서울 강남구 개포로109길 5,서울특별시 강남구 개포로109길 5,37.492322,127.0746012,서울 강남구 개포로109길 5,서울특별시 강남구 개포로109길 5
강동구립 해공노인복지관,강동구,"서울특별시 강동구 천중로17길 42-16 (천호동) 								강동구립해공노인복지관",서울특별시 강동구 천중로17길 42-16,37.546212,127.1317141,서울 강동구 천중로17길 42-16,서울특별시 강동구 천중로17길 42-16
강동구청 어르신복지과,강동구,"서울특별시 강동구 성내로 25(성내동) 								어르신복지과",서울특별시 강동구 성내로 25,37.53016097,127.1237923,서울 강동구 성내로 25,서울특별시 강동구 성내로 25
강동노인종합복지관,강동구,"서울특별시 강동구 동남로71길 32-5 (명일동) 								2층 사무실",서울특별시 강동구 동남로71길 32-5,37.55221118,127.1546206,서울 강동구 동남로71길 32-5,서울특별시 강동구 동남로71길 32-5
강동종합사회복지관,강동구,"서울특별시 강동구 진황도로23길 7 (천호동) 								5-6층(천호3동 공공복합청사)",서울특별시 강동구 진황도로23길 7,37.53992761,127.1297726,서울 강동구 진황도로23길 7,서울특별시 강동구 진황도로23길 7
강북구청 복지국 어르신장애인과,강북구,서울특별시 강북구 도봉로89길 13 (수유동),서울특별시 강북구 도봉로89길 13,37.63918562,127.0254495,서울 강북구 도봉로89길 13,서울특별시 강북구 도봉로89길 13
강북노인종합복지관,강북구,"서울특별시 강북구수유동 삼양로92길 								40",서울특별시 강북구 삼양로92길 40,37.63568682,127.0187526,서울 강북구 삼양로92길 40,서울특별시 강북구 삼양로92길 40
강서50플러스센터,강서구,"서울특별시 강서구 강서로56가길 166 (등촌동) 								203동 강서50플러스센터",서울특별시 강서구 강서로56가길 166,37.56681307,126.8420946,서울 강서구 강서로56가길 166,서울특별시 강서구 강서로56가길 166
강서구립 곰달래어르신복지센터,강서구,서울특별시 강서구 강서로5길 50,서울특별시 강서구 강서로5길 50,37.52905997,126.8488982,서울 강서구 강서로5길 50,서울특별시 강서구 강서로5길 50
강서구립 봉제산노인복지센터,강서구,서울 강서구 초록마을로15길 12,서울특별시 강서구 초록마을로15길 12,37.54152282,126.8514079,서울 강서구 초록마을로15길 12,서울특별시 강서구 초록마을로15길 12
강서구립 연지노인복지센터,강서구,"서울특별시 강서구 화곡로58길 30-7(화곡동) 								1층",서울특별시 강서구 화곡로58길 30-7,37.55241466,126.8526628,서울 강서구 화곡로58길 30-7,서울특별시 강서구 화곡로58길 30-7
강서구청 어르신복지과,강서구,"서울특별시 강서구 화곡로 302 (화곡동) 								복지동 건물 4층 어르신복지과",서울특별시 강서구 화곡로 302,37.55096551,126.8495322,서울 강서구 화곡로 302,서울특별시 강서구 화곡로 302
강서노인종합복지관,강서구,"서울특별시 강서구등촌동 화곡로61길 								85",서울특별시 강서구 화곡로61길 85,37.5581232,126.8475516,서울 강서구 화곡로61길 85,서울특별시 강서구 화곡로61길 85
공릉종합사회복지관,노원구,"서울특별시 노원구 동일로 1127 (공릉동, 공릉1단지아파트)",서울특별시 노원구 동일로 1127,37.6295747,127.0698687,서울 노원구 동일로 1127,서울특별시 노원구 동일로 1127
관악구청 교육지원과,관악구,서울특별시 관악구 관악로 145 (봉천동),서울특별시 관악구 관악로 145,37.47821067,126.9515012,서울 관악구 관악로 145,서울특별시 관악구 관악로 145
관악구청 복지가족국 어르신복지과,관악구,서울특별시 관악구 관악로 145 (봉천동),서울특별시 관악구 관악로 145,37.47821067,126.9515012,서울 관악구 관악로 145,서울특별시 관악구 관악로 145
관악노인종합복지관,관악구,"서울특별시 관악구 보라매로 35  								관악노인종합복지관",서울특별시 관악구 보라매로 35,37.49304069,126.9263301,서울 관악구 보라매로 35,서울특별시 관악구 보라매로 35
관악정다운의료복지사회적협동조합,관악구,"서울 관악구 신림로 206 								2층",서울특별시 관악구 신림로 206,37.4756288,126.9374469,서울 관악구 신림로 206,서울특별시 관악구 신림로 206
광진구청복지국 어르신복지과,광진구,서울특별시 광진구 자양로 117,서울특별시 광진구 자양로 117,37.53853161,127.0819098,서울 광진구 자양로 117,서울특별시 광진구 자양로 117
광진노인종합복지관,광진구,서울특별시 광진구 군자로 88,서울특별시 광진구 군자로 88,37.55109825,127.0715961,서울 광진구 군자로 88,서울특별시 광진구 군자로 88
구로구청 복지지원국 어르신복지과,구로구,"서울특별시 구로구 가마산로 245 (구로동) 								어르신청소년과(신관5층)",서울특별시 구로구 가마산로 245,37.49550546,126.8882924,서울 구로구 가마산로 245,서울특별시 구로구 가마산로 245
구로노인종합복지관,구로구,서울특별시 구로구 새말로16길 7 (구로동),서울특별시 구로구 새말로16길 7,37.50524075,126.8906167,서울 구로구 새말로16길 7,서울특별시 구로구 새말로16길 7
구로종합사회복지관,구로구,서울 구로구 디지털로31길 93 구로종합사회복지관,서울특별시 구로구 디지털로31길 93,37.48682339,126.8908274,서울 구로구 디지털로31길 93,서울특별시 구로구 디지털로31길 93
구립신내노인종합복지관,중랑구,"서울특별시 중랑구 신내로15길 175 (신내동) 								3층 복지과 사무실",서울특별시 중랑구 신내로15길 175,37.61481251,127.0878892,서울 중랑구 신내로15길 175,서울특별시 중랑구 신내로15길 175
구립신사노인복지관,은평구,"서울특별시 은평구 증산로15길 47 (신사동) 								신사노인복지관 2층 사무실",서울특별시 은평구 증산로15길 47,37.59025708,126.9080583,서울 은평구 증산로15길 47,서울특별시 은평구 증산로15길 47
구립영등포노인복지센터,영등포구,"서울 영등포구 선유서로 34길 10 								3층",서울특별시 영등포구 선유서로 34길 10,37.5268695,126.8874353,서울 영등포구 선유서로34길 10,서울특별시 영등포구 선유서로 34길 10
구세군강북종합사회복지관,강북구,"서울 강북구 인수봉로  								20가길 24",서울특별시 강북구 인수봉로20가길 24,37.62568029,127.013396,서울 강북구 인수봉로20가길 24,서울특별시 강북구 인수봉로20가길 24
궁동종합복지관,구로구,"서울특별시 구로구 오리로22길 5 (궁동) 								2층 사무실",서울특별시 구로구 오리로22길 5,37.49913459,126.8295642,서울 구로구 오리로22길 5,서울특별시 구로구 오리로22길 5
금천노인종합복지관,금천구,서울특별시 금천구 시흥대로51길 93-32 (시흥동),서울특별시 금천구 시흥대로51길 93-32,37.45013432,126.8977638,서울 금천구 시흥대로51길 93-32,서울특별시 금천구 시흥대로51길 93-32
금천누리종합사회복지관,금천구,"서울특별시 금천구 가산동 가산로 129 								3층",서울특별시 금천구 가산로 129,37.47689182,126.8917817,서울 금천구 가산로 129,서울특별시 금천구 가산로 129
금천호암노인종합복지관,금천구,서울특별시 금천구 독산로72길 86-5 (독산동),서울특별시 금천구 독산로72길 86-5,37.46951291,126.9064492,서울 금천구 독산로72길 86-5,서울특별시 금천구 독산로72길 86-5
길꽃어린이도서관,강서구,서울특별시 강서구 금낭화로 24길 5,서울특별시 강서구 금낭화로 24길 5,37.57871896,126.8136575,서울 강서구 금낭화로24길 5,서울특별시 강서구 금낭화로 24길 5
길음종합사회복지관,성북구,서울특별시 성북구 삼양로2길 55 (길음동),서울특별시 성북구 삼양로2길 55,37.60672275,127.0267933,서울 성북구 삼양로2길 55,서울특별시 성북구 삼양로2길 55
꿈의숲종합사회복지관,강북구,"서울특별시 강북구 오현로 208(번동, 번동주공아파트) 								302동 1층",서울특별시 강북구 오현로 208,37.63013826,127.0414162,서울 강북구 오현로 208,서울특별시 강북구 오현로 208
노원1종합사회복지관,노원구,서울 노원구 월계로 372 사슴아파트,서울특별시 노원구 월계로 372,37.62924721,127.0596641,서울 노원구 월계로 372,서울특별시 노원구 월계로 372
노원구청 주민복지국 고령사회정책과,노원구,서울특별시 노원구 노해로 437 (상계동),서울특별시 노원구 노해로 437,37.65452284,127.0562683,서울 노원구 노해로 437,서울특별시 노원구 노해로 437
노원노인종합복지관,노원구,"서울특별시 노원구 노원로16길 15 (하계동, 중계주공9단지아파트) 								시립노원노인종합복지관",서울특별시 노원구 노원로16길 15,37.64344507,127.0733372,서울 노원구 노원로16길 15,서울특별시 노원구 노원로16길 15
노원시니어클럽,노원구,"서울특별시 노원구 수락산로 214 (상계동) 								4층",서울특별시 노원구 수락산로 214,37.6710659,127.0548199,서울 노원구 수락산로 214,서울특별시 노원구 수락산로 214
능인종합사회복지관,강남구,서울특별시 강남구 양재대로 340,서울특별시 강남구 양재대로 340,37.47167795,127.0525917,서울 강남구 양재대로 340,서울특별시 강남구 양재대로 340
다가치포럼사회적협동조합,종로구,"서울특별시 종로구 혜화로 13(명륜1가) 								302호",서울특별시 종로구 혜화로 13,37.58669684,126.9999278,서울 종로구 혜화로 13,서울특별시 종로구 혜화로 13
대방종합사회복지관,동작구,"서울특별시 동작구 여의대방로44길 47 (대방동, 주공아파트) 								대방종합사회복지관",서울특별시 동작구 여의대방로44길 47,37.50992351,126.9304186,서울 동작구 여의대방로44길 47,서울특별시 동작구 여의대방로44길 47
대조노인복지관,은평구,"서울특별시 은평구 역말로9길 27(대조동) 								 대조노인복지관",서울특별시 은평구 역말로9길 27,37.61343759,126.9219681,서울 은평구 역말로9길 27,서울특별시 은평구 역말로9길 27
대청종합사회복지관,강남구,"서울특별시 강남구 양재대로55길 10 (일원동, 수서1단지 에스에이치빌)",서울특별시 강남구 양재대로55길 10,37.49315404,127.0909914,서울 강남구 양재대로55길 10,서울특별시 강남구 양재대로55길 10
대한노인회 금천구지회,금천구,"서울특별시 금천구 독산로54길 279(독산동) 								독산어르신체육센터 2층",서울특별시 금천구 독산로54길 279,37.47446845,126.9057575,서울 금천구 독산로54길 279,서울특별시 금천구 독산로54길 279
대한노인회 노원구지회,노원구,"서울특별시 노원구 동일로 1229 (중계동) 								201호",서울특별시 노원구 동일로 1229,37.6389605,127.0663451,서울 노원구 동일로 1229,서울특별시 노원구 동일로 1229
대한노인회 서울 강동구지회,강동구,"서울 강동구 양재대로 1342 								강동숨; 터 2층",서울특별시 강동구 양재대로 1342,37.52588693,127.1364362,서울 강동구 양재대로 1342,서울특별시 강동구 양재대로 1342
대한노인회 서울 강북구지회,강북구,서울특별시 강북구 삼양로 280-1 (미아동),서울특별시 강북구 삼양로 280-1,37.62850396,127.018263,서울 강북구 삼양로 280-1,서울특별시 강북구 삼양로 280-1
대한노인회 서울 관악구지회,관악구,"서울특별시 관악구 관악로5길 95, 관악구민회관 								1층",서울특별시 관악구 관악로5길 95,37.47709576,126.9512645,서울 관악구 관악로5길 95,서울특별시 관악구 관악로5길 95
대한노인회 서울 광진구지회,광진구,"서울특별시 광진구 광장로 62 (광장동) 								노인회관",서울특별시 광진구 광장로 62,37.54718297,127.1040434,서울 광진구 광장로 62,서울특별시 광진구 광장로 62
대한노인회 서울 구로구지회,구로구,"서울특별시 구로구 새말로18길 39 (구로동) 								1층 대한노인회구로구지회",서울특별시 구로구 새말로18길 39,37.50470659,126.8928315,서울 구로구 새말로18길 39,서울특별시 구로구 새말로18길 39
대한노인회 서울 도봉구지회,도봉구,"서울특별시 도봉구 마들로 536(창동) 								도봉통합복지센터 4층",서울특별시 도봉구 마들로 536,37.65986054,127.0508795,서울 도봉구 마들로 536,서울특별시 도봉구 마들로 536
대한노인회 서울 동대문구지회,동대문구,"서울특별시 동대문구 사가정로 98 (전농동) 								2층",서울특별시 동대문구 사가정로 98,37.57637081,127.0563369,서울 동대문구 사가정로 98,서울특별시 동대문구 사가정로 98
대한노인회 서울 동작구지회,동작구,서울특별시 동작구 여의대방로24가길 2 (대방동),서울특별시 동작구 여의대방로24가길 2,37.49821404,126.9212252,서울 동작구 여의대방로24가길 2,서울특별시 동작구 여의대방로24가길 2
대한노인회 서울 마포구지회,마포구,"서울특별시 마포구 토정로31길 31 (용강동) 								3층",서울특별시 마포구 토정로31길 31,37.54231555,126.9427071,서울 마포구 토정로31길 31,서울특별시 마포구 토정로31길 31
대한노인회 서울 서대문구지회,서대문구,"서울특별시 서대문구 통일로 484 (홍제동) 								공유캠퍼스 2층",서울특별시 서대문구 통일로 484,37.59157433,126.943076,서울 서대문구 통일로 484,서울특별시 서대문구 통일로 484
대한노인회 서울 서초구지회,서초구,서울특별시 서초구 서초대로 54길 45,서울특별시 서초구 서초대로 54길 45,37.49232427,127.016811,서울 서초구 서초대로54길 45,서울특별시 서초구 서초대로 54길 45
대한노인회 서울 성동구지회,성동구,서울특별시 성동구 무학로6길 9 (홍익동),서울특별시 성동구 무학로6길 9,37.56548585,127.031127,서울 성동구 무학로6길 9,서울특별시 성동구 무학로6길 9
대한노인회 서울 송파구지회,송파구,"서울특별시 송파구 송파대로38길 1 (송파동) 								2층",서울특별시 송파구 송파대로38길 1,37.50071646,127.1118708,서울 송파구 송파대로38길 1,서울특별시 송파구 송파대로38길 1
대한노인회 서울 양천구지회,양천구,서울특별시 양천구 신목로 46 (신정동),서울특별시 양천구 신목로 46,37.51940241,126.8731784,서울 양천구 신목로 46,서울특별시 양천구 신목로 46
대한노인회 서울 영등포구지회,영등포구,"서울특별시 영등포구 영등포로42길 21-9 (영등포동3가) 								대한노인회 2층",서울특별시 영등포구 영등포로42길 21-9,37.5177271,126.9072102,서울 영등포구 영등포로42길 21-9,서울특별시 영등포구 영등포로42길 21-9
대한노인회 서울 용산구지회,용산구,"서울특별시 용산구 임정로 58 (효창동) 								3층 (사)대한노인회 용산구지회",서울특별시 용산구 임정로 58,37.54481788,126.9586484,서울 용산구 임정로 58,서울특별시 용산구 임정로 58
대한노인회 서울 은평구지회,은평구,"서울특별시 은평구 통일로 767(대조동, 베르디움STAY1) 								 B118호",서울특별시 은평구 통일로 767,37.6139965,126.9264997,서울 은평구 통일로 767,서울특별시 은평구 통일로 767
대한노인회 서울 종로구지회,종로구,"서울특별시 종로구 대학로3길 14 (효제동) 								2층",서울특별시 종로구 대학로3길 14,37.57415626,127.0014475,서울 종로구 대학로3길 14,서울특별시 종로구 대학로3길 14
대한노인회 서울 중구지회,중구,서울특별시 중구 퇴계로 460,서울특별시 중구 퇴계로 460,37.56509826,127.0227631,서울 중구 퇴계로 460,서울특별시 중구 퇴계로 460
대한노인회 서울시 연합회,용산구,서울시 용산구 임정로 58(효창동 255번지) 대한노인회서울시연합회2층,서울특별시 용산구 임정로 58,37.54481788,126.9586484,서울 용산구 임정로 58,서울특별시 용산구 임정로 58
대한민국동작 주식회사,동작구,"서울특별시 동작구 노량진로 140 (노량진동) 								2층",서울특별시 동작구 노량진로 140,37.51275688,126.9417006,서울 동작구 노량진로 140,서울특별시 동작구 노량진로 140
대한은퇴자 협회,광진구,"서울시 광진구 아차산로 589번지 								지하",서울특별시 광진구 아차산로 589,37.54598015,127.1047409,서울 광진구 아차산로 589,서울특별시 광진구 아차산로 589
도봉노인종합복지관,도봉구,서울특별시 도봉구 도당로2길 12-13 (쌍문동),서울특별시 도봉구 도당로2길 12-13,37.65892811,127.0359567,서울 도봉구 도당로2길 12-13,서울특별시 도봉구 도당로2길 12-13
도봉동어르신복지관,도봉구,서울특별시 도봉구 도봉로169가길 52 (도봉동),서울특별시 도봉구 도봉로169가길 52,37.68214542,127.0435654,서울 도봉구 도봉로169가길 52,서울특별시 도봉구 도봉로169가길 52
도시철도협동조합(광진구),광진구,서울 광진구 천호대로 589 4층 401호,서울특별시 광진구 천호대로 589,37.55599389,127.0834258,서울 광진구 천호대로 589,서울특별시 광진구 천호대로 589
동대문구청,동대문구,서울특별시 동대문구 천호대로 145 (용두동),서울특별시 동대문구 천호대로 145,37.57439172,127.0398966,서울 동대문구 천호대로 145,서울특별시 동대문구 천호대로 145
동대문종합사회복지관,동대문구,서울특별시 동대문구 약령시로5길 22 (제기동),서울특별시 동대문구 약령시로5길 22,37.58402099,127.034197,서울 동대문구 약령시로5길 22,서울특별시 동대문구 약령시로5길 22
동백꽃노인종합복지관,동대문구,서울특별시 동대문구 전농로30길 3 (전농동),서울특별시 동대문구 전농로30길 3,37.5828684,127.054652,서울 동대문구 전농로30길 3,서울특별시 동대문구 전농로30길 3
동작50+센터,동작구,"서울특별시 동작구 노량진로 140 (노량진동) 								메가스터디타워 2층 동작50플러스센터",서울특별시 동작구 노량진로 140,37.51275688,126.9417006,서울 동작구 노량진로 140,서울특별시 동작구 노량진로 140
동작구청 일자리정책과,동작구,서울특별시 동작구 장승배기로 70 (상도동),서울특별시 동작구 장승배기로 70,37.50423743,126.9402697,서울 동작구 장승배기로 70,서울특별시 동작구 장승배기로 70
동작이수사회복지관,동작구,서울특별시 동작구 동작대로35차길 7 (사당동),서울특별시 동작구 동작대로35차길 7,37.49312068,126.9768759,서울 동작구 동작대로35차길 7,서울특별시 동작구 동작대로35차길 7
등촌7종합사회복지관,강서구,"서울시 강서구 공항대로43길 104 								등촌7종합사회복지관",서울특별시 강서구 공항대로43길 104,37.56023933,126.8516942,서울 강서구 공항대로43길 104,서울특별시 강서구 공항대로43길 104
마들종합사회복지관,노원구,"서울특별시 노원구 동일로210길 22 (중계동, 중계주공1단지아파트)",서울특별시 노원구 동일로210길 22,37.64690781,127.0652163,서울 노원구 동일로210길 22,서울특별시 노원구 동일로210길 22
마천종합사회복지관,송파구,서울특별시 송파구 마천로 251 (마천동),서울특별시 송파구 마천로 251,37.49901304,127.145367,서울 송파구 마천로 251,서울특별시 송파구 마천로 251
마포구고용복지지원센터,마포구,"서울특별시 마포구 매봉산로 18(상암동) 								1,2층",서울특별시 마포구 매봉산로 18,37.57417444,126.8899465,서울 마포구 매봉산로 18,서울특별시 마포구 매봉산로 18
마포구청 복지동행국 어르신동행과,마포구,서울특별시 마포구 월드컵로 212 (성산동),서울특별시 마포구 월드컵로 212,37.56631284,126.9016157,서울 마포구 월드컵로 212,서울특별시 마포구 월드컵로 212
마포보사재가노인복지기관,마포구,"서울특별시 마포구 성미산로29안길 30(연남동) 								2층 (연남동)",서울특별시 마포구 성미산로29안길 30,37.56558779,126.923762,서울 마포구 성미산로29안길 30,서울특별시 마포구 성미산로29안길 30
마포서부재가노인복지기관,마포구,"서울특별시 마포구 마포대로11길 44-81 (아현동) 								2층",서울특별시 마포구 마포대로11길 44-81,37.55224172,126.9512368,서울 마포구 마포대로11길 44-81,서울특별시 마포구 마포대로11길 44-81
마포지역아동센터연합회,마포구,"서울 마포구 대흥로20길 16 								격암빌딩 2층",서울특별시 마포구 대흥로20길 16,37.55012213,126.944908,서울 마포구 대흥로20길 16,서울특별시 마포구 대흥로20길 16
면목종합사회복지관,중랑구,서울 중랑구 용마산로 228 면목아파트 단지 내,서울특별시 중랑구 용마산로 228,37.57416613,127.0883022,서울 중랑구 용마산로 228,서울특별시 중랑구 용마산로 228
목동어르신복지관,양천구,"서울특별시 양천구 목동중앙로3길 21 								목동실버복지문화센터 (목동)",서울특별시 양천구 목동중앙로3길 21,37.53646455,126.8692679,서울 양천구 목동중앙로3길 21,서울특별시 양천구 목동중앙로3길 21
목동종합사회복지관,양천구,"서울특별시 양천구 목동중앙북로8길 104 (목동) 								목동종합사회복지관 4층 사무실",서울특별시 양천구 목동중앙북로8길 104,37.54424009,126.8663764,서울 양천구 목동중앙북로8길 104,서울특별시 양천구 목동중앙북로8길 104
문정노인종합복지관,송파구,서울특별시 송파구 송이로37길 11 (문정동),서울특별시 송파구 송이로37길 11,37.48749799,127.1344921,서울 송파구 송이로37길 11,서울특별시 송파구 송이로37길 11
방학동어르신복지관,도봉구,서울특별시 도봉구 시루봉로15라길 59-9 (방학동),서울특별시 도봉구 시루봉로15라길 59-9,37.67057374,127.0322022,서울 도봉구 시루봉로15라길 59-9,서울특별시 도봉구 시루봉로15라길 59-9
번오마을종합사회복지관,강북구,"서울특별시 강북구 한천로115길 20 (번동, 번동주공5단지아파트) 								번오마을종합사회복지관",서울특별시 강북구 한천로115길 20,37.63368532,127.0345341,서울 강북구 한천로115길 20,서울특별시 강북구 한천로115길 20
북가좌노인복지관,서대문구,서울특별시 서대문구 증가로20길 43 (북가좌동),서울특별시 서대문구 증가로20길 43,37.58120197,126.9179084,서울 서대문구 증가로20길 43,서울특별시 서대문구 증가로20길 43
북부종합사회복지관,노원구,"서울특별시 노원구 동일로245길 56 (상계동, 북부종합사회복지관)",서울특별시 노원구 동일로245길 56,37.67970594,127.052411,서울 노원구 동일로245길 56,서울특별시 노원구 동일로245길 56
북서울종합사회복지관,강북구,"서울특별시 강북구 한천로105길 24(번동, 번동2단지주공아파트)",서울특별시 강북구 한천로105길 24,37.62760841,127.0448051,서울 강북구 한천로105길 24,서울특별시 강북구 한천로105길 24
사단법인 여성중앙회 종로여성인력개발센터,종로구,서울특별시 종로구 대학로11길 23 (명륜4가),서울특별시 종로구 대학로11길 23,37.5820588,127.0004181,서울 종로구 대학로11길 23,서울특별시 종로구 대학로11길 23
사단법인 한국고용복지센터,성북구,서울특별시 성북구 보문로 38 (보문동7가),서울특별시 성북구 보문로 38,37.57909121,127.0230125,서울 성북구 보문로 38,서울특별시 성북구 보문로 38
사단법인 한국사회적기업중앙협의회,영등포구,"서울특별시 영등포구 국회대로76길 33 (여의도동) 								601호(중앙보훈회관, 여의도동)",서울특별시 영등포구 국회대로76길 33,37.52953406,126.924185,서울 영등포구 국회대로76길 33,서울특별시 영등포구 국회대로76길 33
사단법인 한국취업지원협회,금천구,"서울특별시 금천구 디지털로9길 68 (가산동) 								506호",서울특별시 금천구 디지털로9길 68,37.48107584,126.8864183,서울 금천구 디지털로9길 68,서울특별시 금천구 디지털로9길 68
사단법인여성가족지원네트워크,강서구,"서울특별시 강서구 까치산로 189-1 (화곡동) 								2층",서울특별시 강서구 까치산로 189-1,37.55415043,126.8538888,서울 강서구 까치산로 189-1,서울특별시 강서구 까치산로 189-1
사단법인한국에이치알엠협회,성동구,"서울특별시 성동구 성수이로 118(성수동2가) 								623호",서울특별시 성동구 성수이로 118,37.54517369,127.0578573,서울 성동구 성수이로 118,서울특별시 성동구 성수이로 118
사당어르신종합복지관,동작구,"서울시 동작구 남부순환로 2081 								 2층",서울특별시 동작구 남부순환로 2081,37.47701714,126.9798517,서울 동작구 남부순환로 2081,서울특별시 동작구 남부순환로 2081
사당종합사회복지관,동작구,"서울시 동작구 사당로14길 20 								2층 사무실",서울특별시 동작구 사당로14길 20,37.4832722,126.9714537,서울 동작구 사당로14길 20,서울특별시 동작구 사당로14길 20
사랑의전화마포종합사회복지관,마포구,서울특별시 마포구 만리재로 29 사랑의전화마포종합사회복지관,서울특별시 마포구 만리재로 29,37.54479278,126.9545677,서울 마포구 만리재로 29,서울특별시 마포구 만리재로 29
사회복지법인대길사회복지재단,영등포구,서울특별시 영등포구 영등포로84길 24-14(신길동),서울특별시 영등포구 영등포로84길 24-14,37.51157802,126.9214969,서울 영등포구 영등포로84길 24-14,서울특별시 영등포구 영등포로84길 24-14
사회적협동조합 행복한돌봄,영등포구,서울특별시 영등포구 도신로65길 9-1 (신길동),서울특별시 영등포구 도신로65길 9-1,37.51332923,126.9166595,서울 영등포구 도신로65길 9-1,서울특별시 영등포구 도신로65길 9-1
사회적협동조합도우누리,광진구,"서울특별시 광진구 긴고랑로 41 (중곡동) 								301호",서울특별시 광진구 긴고랑로 41,37.56301107,127.0809132,서울 광진구 긴고랑로 41,서울특별시 광진구 긴고랑로 41
살림의료복지사회적협동조합,은평구,"서울특별시 은평구 서오릉로 149 (구산동) 								2층 살림의료복지사회적협동조합",서울특별시 은평구 서오릉로 149,37.61159328,126.9162125,서울 은평구 서오릉로 149,서울특별시 은평구 서오릉로 149
삶터사회적협동조합,동대문구,"서울특별시 동대문구 왕산로 123 (제기동) 								정우빌딩 3층",서울특별시 동대문구 왕산로 123,37.57842726,127.0371606,서울 동대문구 왕산로 123,서울특별시 동대문구 왕산로 123
상계종합사회복지관,노원구,서울특별시 노원구 덕릉로 115나길 25,서울특별시 노원구 덕릉로 115나길 25,37.66809048,127.0783264,서울 노원구 덕릉로115나길 25,서울특별시 노원구 덕릉로 115나길 25
상도은빛복지관,동작구,"서울특별시 동작구 매봉로 36 (상도1동) 								상도은빛복지관",서울특별시 동작구 매봉로 36,37.50645892,126.951388,서울 동작구 매봉로 36,서울특별시 동작구 매봉로 36
상도종합사회복지관,동작구,서울특별시 동작구 상도로39가길 7(상도1동),서울특별시 동작구 상도로39가길 7,37.50249773,126.9496593,서울 동작구 상도로39가길 7,서울특별시 동작구 상도로39가길 7
생명의전화종합사회복지관,성북구,서울특별시 성북구 오패산로 21(하월곡동),서울특별시 성북구 오패산로 21,37.60411944,127.0370684,서울 성북구 오패산로 21,서울특별시 성북구 오패산로 21
서대문구청 행복복지국 어르신복지과,서대문구,"서울특별시 서대문구 연희로 248 (연희동) 								어르신복지과",서울특별시 서대문구 연희로 248,37.57915463,126.9367592,서울 서대문구 연희로 248,서울특별시 서대문구 연희로 248
서대문노인종합복지관,서대문구,서울특별시 서대문구 독립문로8길 57 (천연동),서울특별시 서대문구 독립문로8길 57,37.56800449,126.9591178,서울 서대문구 독립문로8길 57,서울특별시 서대문구 독립문로8길 57
서브온 주식회사,서초구,"서울 서초구 서초중앙로20길 35 								5층(서초동, 현민빌딩)",서울특별시 서초구 서초중앙로20길 35,37.49251061,127.0160645,서울 서초구 서초중앙로20길 35,서울특별시 서초구 서초중앙로20길 35
서서울어르신복지관,양천구,"서울특별시 양천구 가로공원로60가길 16 (신월동) 								서서울어르신복지관",서울특별시 양천구 가로공원로60가길 16,37.53426106,126.8267655,서울 양천구 가로공원로60가길 16,서울특별시 양천구 가로공원로60가길 16
서울 강서구지회,강서구,서울특별시 강서구 우장산로 24-7 (내발산동),서울특별시 강서구 우장산로 24-7,,,,서울특별시 강서구 우장산로 24-7
서울 대한노인회 중랑구지회,중랑구,서울특별시 중랑구 봉화산로43길 9 (상봉동),서울특별시 중랑구 봉화산로43길 9,37.60369037,127.0873544,서울 중랑구 봉화산로43길 9,서울특별시 중랑구 봉화산로43길 9
서울노인복지센터,종로구,서울특별시 종로구 삼일대로 467 (경운동),서울특별시 종로구 삼일대로 467,37.57596579,126.9858533,서울 종로구 삼일대로 467,서울특별시 종로구 삼일대로 467
서울시 서대문구 재가노인복지기관,서대문구,서울특별시 서대문구 경기대로9길 62 (충정로3가),서울특별시 서대문구 경기대로9길 62,37.56432894,126.9608931,서울 서대문구 경기대로9길 62,서울특별시 서대문구 경기대로9길 62
서울시 성북구지회,성북구,서울특별시 성북구 안암로 79 (안암동5가),서울특별시 성북구 안암로 79,37.58342042,127.0297324,서울 성북구 안암로 79,서울특별시 성북구 안암로 79
서울시관악구재가노인복지기관,관악구,"서울특별시 관악구 남현길 63 (남현동) 								상록재가노인지원센터",서울특별시 관악구 남현길 63,37.47399706,126.9765177,서울 관악구 남현길 63,서울특별시 관악구 남현길 63
서울시구로구재가노인복지기관,구로구,서울특별시 구로구 디지털로27다길 65 (구로동),서울특별시 구로구 디지털로27다길 65,37.48714316,126.8901547,서울 구로구 디지털로27다길 65,서울특별시 구로구 디지털로27다길 65
서울시립 신목종합사회복지관,양천구,"서울특별시 양천구 신목로 5 (신정동, 목동삼성아파트) 								신목종합사회복지관",서울특별시 양천구 신목로 5,37.51722556,126.8764675,서울 양천구 신목로 5,서울특별시 양천구 신목로 5
서울시립대학교종합사회복지관,중랑구,서울시 중랑구 신내로115,서울특별시 중랑구 신내로115,37.60929753,127.0949042,서울 중랑구 신내로 115,서울특별시 중랑구 신내로115
서울시립동대문노인종합복지관,동대문구,서울특별시 동대문구 제기로33길 25 (청량리동),서울특별시 동대문구 제기로33길 25,37.58724134,127.0498265,서울 동대문구 제기로33길 25,서울특별시 동대문구 제기로33길 25
서울시북부여성발전센터,노원구,서울시 노원구 동일로 207길 50,서울특별시 노원구 동일로 207길 50,37.64282612,127.0612845,서울 노원구 동일로207길 50,서울특별시 노원구 동일로 207길 50
서울시양천구재가노인복지기관,양천구,"서울특별시 양천구신정동 목동남로  								52",서울특별시 양천구 목동남로 52,37.50907975,126.865319,서울 양천구 목동남로 52,서울특별시 양천구 목동남로 52
서울시재가노인복지협회,마포구,"서울 마포구 백범로 31길 21 6층 								605호 서울시재가노인복지협회",서울특별시 마포구 백범로 31길 21,37.54745876,126.9505779,서울 마포구 백범로31길 21,서울특별시 마포구 백범로 31길 21
서울시종로구재가노인복지기관,종로구,"서울특별시 종로구 지봉로12나길 1 (숭인동) 								B02호",서울특별시 종로구 지봉로12나길 1,37.57772764,127.0165821,서울 종로구 지봉로12나길 1,서울특별시 종로구 지봉로12나길 1
서울청소년효행봉사단,서대문구,"서울특별시 서대문구 연희로32길 19 (연희동) 								지하1층",서울특별시 서대문구 연희로32길 19,37.57646229,126.9362884,서울 서대문구 연희로32길 19,서울특별시 서대문구 연희로32길 19
서울특별시광역치매센터,종로구,"서울특별시 종로구 대학로 47 (연건동, 이화에수풀) 								2층 서울특별시광역치매센터",서울특별시 종로구 대학로 47,37.57546396,127.0018417,서울 종로구 대학로 47,서울특별시 종로구 대학로 47
서초구립 느티나무쉼터,서초구,서울특별시 서초구 염곡말길 9 (염곡동),서울특별시 서초구 염곡말길 9,37.46182406,127.050699,서울 서초구 염곡말길 9,서울특별시 서초구 염곡말길 9
서초구립양재노인종합복지관,서초구,서울특별시 서초구 강남대로30길 73-7 (양재동),서울특별시 서초구 강남대로30길 73-7,37.48302001,127.040816,서울 서초구 강남대로30길 73-7,서울특별시 서초구 강남대로30길 73-7
서초구립중앙노인종합복지관,서초구,"서울특별시 서초구 서초대로54길 45 (서초동) 								3층 사무실",서울특별시 서초구 서초대로54길 45,37.49232427,127.016811,서울 서초구 서초대로54길 45,서울특별시 서초구 서초대로54길 45
서초방배노인종합복지관,서초구,"서울특별시 서초구 방배천로 48 (방배동) 								방배노인종합복지관",서울특별시 서초구 방배천로 48,37.48076743,126.9827869,서울 서초구 방배천로 48,서울특별시 서초구 방배천로 48
성동구청,성동구,"서울특별시 성동구 고산자로 270 (행당1동) 9층 								성동구청9층(어르신복지팀)",서울특별시 성동구 고산자로 270,37.56342251,127.036965,서울 성동구 고산자로 270,서울특별시 성동구 고산자로 270
성가정노인종합복지관,강동구,"서울특별시 강동구고덕동 양재대로 156길 28 								성가정노인종합복지관",서울특별시 강동구 양재대로 156길 28,37.55610733,127.1465259,서울 강동구 양재대로156길 28,서울특별시 강동구 양재대로 156길 28
성내종합사회복지관,강동구,서울특별시 강동구 성안로13길 56 (성내동),서울특별시 강동구 성안로13길 56,37.53220687,127.1293463,서울 강동구 성안로13길 56,서울특별시 강동구 성안로13길 56
성동노인종합복지관,성동구,서울특별시 성동구 마조로 77 (마장동),서울특별시 성동구 마조로 77,37.56478466,127.0412399,서울 성동구 마조로 77,서울특별시 성동구 마조로 77
성동종합사회복지관,성동구,청계천로 506,서울특별시 성동구 청계천로 506,37.5701624,127.0333487,서울 성동구 청계천로 506,서울특별시 성동구 청계천로 506
성동희망나눔,성동구,"서울특별시 성동구 뚝섬로1길 2 (성수동1가) 								4층 희망나눔 노인일자리센터",서울특별시 성동구 뚝섬로1길 2,37.54145443,127.046035,서울 성동구 뚝섬로1길 2,서울특별시 성동구 뚝섬로1길 2
성북50플러스센터,성북구,"서울특별시 성북구 지봉로24길 26 (보문동5가) 								3층",서울특별시 성북구 지봉로24길 26,37.58387155,127.0193243,서울 성북구 지봉로24길 26,서울특별시 성북구 지봉로24길 26
성북구청,성북구,서울특별시 성북구 보문로 168 (삼선동5가),서울특별시 성북구 보문로 168,37.58945513,127.01669,서울 성북구 보문로 168,서울특별시 성북구 보문로 168
성북노인종합복지관,성북구,서울특별시 성북구 종암로15길 10 (종암동),서울특별시 성북구 종암로15길 10,37.59781332,127.0343903,서울 성북구 종암로15길 10,서울특별시 성북구 종암로15길 10
성산종합사회복지관,마포구,서울특별시 마포구 월드컵로 215 (성산동),서울특별시 마포구 월드컵로 215,37.5655,126.9003702,서울 마포구 월드컵로 215,서울특별시 마포구 월드컵로 215
성수종합사회복지관,성동구,"서울특별시 성동구 뚝섬로 1길 43 								(성수동1가)",서울특별시 성동구 뚝섬로 1길 43,37.54542883,127.0469481,서울 성동구 뚝섬로1길 43,서울특별시 성동구 뚝섬로 1길 43
송파노인종합복지관,송파구,서울특별시 송파구 백제고분로32길 41 (삼전동),서울특별시 송파구 백제고분로32길 41,37.49866846,127.0948956,서울 송파구 백제고분로32길 41,서울특별시 송파구 백제고분로32길 41
송파복지센터,송파구,"서울시 송파구 충민로 184. 								송파복지센터",서울특별시 송파구 충민로 184,37.48579492,127.1343222,서울 송파구 충민로 184,서울특별시 송파구 충민로 184
수서명화종합사회복지관,강남구,"서울특별시 강남구 광평로51길 49 (수서동, 주공아파트) 								수서명화종합사회복지관",서울특별시 강남구 광평로51길 49,37.49213945,127.0997653,서울 강남구 광평로51길 49,서울특별시 강남구 광평로51길 49
수서종합사회복지관,강남구,"서울특별시 강남구 광평로56길 11 (수서동, 수서6단지아파트) 								수서종합사회복지관 2층 사무실",서울특별시 강남구 광평로56길 11,37.48784784,127.1057947,서울 강남구 광평로56길 11,서울특별시 강남구 광평로56길 11
시립동작노인종합복지관,동작구,서울특별시 동작구 상도로11길 7 (대방동),서울특별시 동작구 상도로11길 7,37.50039046,126.9291097,서울 동작구 상도로11길 7,서울특별시 동작구 상도로11길 7
시립마포노인종합복지관,마포구,서울 마포구 서강로 68,서울특별시 마포구 서강로 68,37.54894107,126.9322114,서울 마포구 서강로 68,서울특별시 마포구 서강로 68
시립용산노인종합복지관,용산구,"서울특별시 용산구 독서당로11길 16 (한남동) 								시립용산노인종합복지관",서울특별시 용산구 독서당로11길 16,37.53133868,127.006498,서울 용산구 독서당로11길 16,서울특별시 용산구 독서당로11길 16
시립은평노인종합복지관,은평구,서울특별시 은평구 연서로 415 (진관동),서울특별시 은평구 연서로 415,37.63225081,126.9299824,서울 은평구 연서로 415,서울특별시 은평구 연서로 415
신길종합사회복지관,영등포구,"영등포구 영등포로 84길 24-5  								3층 사무실",서울특별시 영등포구 영등포로 84길 24-5,37.51116875,126.9214422,서울 영등포구 영등포로84길 24-5,서울특별시 영등포구 영등포로 84길 24-5
신내종합사회복지관,중랑구,"봉화산로 153 								상봉동 481번지",서울특별시 중랑구 봉화산로 153,37.60581862,127.0916098,서울 중랑구 봉화산로 153,서울특별시 중랑구 봉화산로 153
신림종합사회복지관,관악구,"난곡로 110 								신림종합사회복지관",서울특별시 관악구 난곡로 110,37.4648376,126.9198595,서울 관악구 난곡로 110,서울특별시 관악구 난곡로 110
신월종합사회복지관,양천구,"서울특별시 양천구 신월동 신월로24길 19 								3층",서울특별시 양천구 신월동 신월로24길 19,37.52003276,126.8473669,서울 양천구 신월로24길 19,서울특별시 양천구 신월동 신월로24길 19
신정종합사회복지관,양천구,"서울특별시 양천구신정동 신정중앙로 신정종합사회복지관 								80",서울특별시 양천구 신정중앙로 36,37.52730285,126.8555308,서울 양천구 신정중앙로 36,서울특별시 양천구 신정중앙로 36
쌍문동어르신복지관,도봉구,"서울특별시 도봉구쌍문동 우이천로  								363",서울특별시 도봉구 우이천로 363,37.64825635,127.0238027,서울 도봉구 우이천로 363,서울특별시 도봉구 우이천로 363
압구정노인복지관,강남구,"서울특별시 강남구 도산대로53길 5 (신사동) 								압구정노인복지센터",서울특별시 강남구 도산대로53길 5,37.52353254,127.038169,서울 강남구 도산대로53길 5,서울특별시 강남구 도산대로53길 5
약수노인종합복지관,중구,서울특별시 중구 다산로6길 11 (신당동),서울특별시 중구 다산로6길 11,37.55247063,127.0093304,서울 중구 다산로6길 11,서울특별시 중구 다산로6길 11
양천구청 주민복지국 어르신복지과,양천구,"서울특별시 양천구 목동동로 81 (신정동) 								해누리타운 5층",서울특별시 양천구 목동동로 81,37.51597606,126.8638545,서울 양천구 목동동로 81,서울특별시 양천구 목동동로 81
양천어르신종합복지관,양천구,서울특별시 양천구 목동로3길 106 (신정동),서울특별시 양천구 목동로3길 106,37.51044253,126.8586279,서울 양천구 목동로3길 106,서울특별시 양천구 목동로3길 106
어르신행복일자리센터,종로구,"서울특별시 종로구 종로 269-9(종로6가) 								1층(어르신행복일자리센터)",서울특별시 종로구 종로 269-9,37.571678,127.0078941,서울 종로구 종로 269-9,서울특별시 종로구 종로 269-9
에듀툴킷디자인연구소,동대문구,"서울특별시 동대문구 답십리로38길 19 (답십리동) 								A동 204호",서울특별시 동대문구 답십리로38길 19,37.57345654,127.0501523,서울 동대문구 답십리로38길 19,서울특별시 동대문구 답십리로38길 19
에스잡플러스 주식회사,영등포구,"서울특별시 영등포구 버드나루로 119 (당산동) 								304호",서울특별시 영등포구 버드나루로 119,37.52868044,126.9074896,서울 영등포구 버드나루로 119,서울특별시 영등포구 버드나루로 119
연꽃마을 아현노인복지센터,마포구,서울특별시 마포구 마포대로26길 19 (아현동),서울특별시 마포구 마포대로26길 19,37.55506487,126.9587242,서울 마포구 마포대로26길 19,서울특별시 마포구 마포대로26길 19
영등포구장애인사랑나눔의집,영등포구,서울특별시 영등포구 신길로 55 (신길동),서울특별시 영등포구 신길로 55,37.49753295,126.90799,서울 영등포구 신길로 55,서울특별시 영등포구 신길로 55
영등포구청,영등포구,서울특별시 영등포구 당산로 123 (당산동3가),서울특별시 영등포구 당산로 123,37.52596316,126.8963671,서울 영등포구 당산로 123,서울특별시 영등포구 당산로 123
영등포노인종합복지관,영등포구,서울특별시 영등포구 도림로 482 (문래동3가),서울특별시 영등포구 도림로 482,37.51685634,126.8905415,서울 영등포구 도림로 482,서울특별시 영등포구 도림로 482
영등포종합사회복지관,영등포구,서울 영등포구 신길로 13길 4,서울특별시 영등포구 신길로 13길 4,37.49731738,126.9076949,서울 영등포구 신길로13길 4,서울특별시 영등포구 신길로 13길 4
영중종합사회복지관,영등포구,"서울특별시 영등포구 양산로 232 (영등포동2가) 								3층 영중종합사회복지관 사무실",서울특별시 영등포구 양산로 232,37.52224505,126.9088958,서울 영등포구 양산로 232,서울특별시 영등포구 양산로 232
옥수종합사회복지관,성동구,서울시 성동구 한림말길 16-5 옥수종합사회복지관,서울특별시 성동구 한림말길 16-5,37.54049423,127.0127635,서울 성동구 한림말길 16-5,서울특별시 성동구 한림말길 16-5
온수어르신복지관,구로구,"서울특별시 구로구온수동 부일로9길  								111",서울특별시 구로구 부일로9길,37.495946,126.8247462,서울 구로구 부일로9길,서울특별시 구로구 부일로9길
용강노인복지관,마포구,"서울특별시 마포구 토정로31길 31 (용강동) 								용강동복합청사 3층 복지관",서울특별시 마포구 토정로31길 31,37.54231555,126.9427071,서울 마포구 토정로31길 31,서울특별시 마포구 토정로31길 31
용산구청 생활지원국 어르신복지과,용산구,"서울특별시 용산구 녹사평대로 150 용산종합행정타운 								어르신복지과 5층",서울특별시 용산구 녹사평대로 150,37.53245229,126.9904788,서울 용산구 녹사평대로 150,서울특별시 용산구 녹사평대로 150
용산여성인력개발센터,용산구,서울특별시 용산구 청파로 139-21 (신계동),서울특별시 용산구 청파로 139-21,37.5348287,126.9663984,서울 용산구 청파로 139-21,서울특별시 용산구 청파로 139-21
우리마포복지관,마포구,서울특별시 마포구 신촌로26길 10 (노고산동),서울특별시 마포구 신촌로26길 10,37.55585899,126.9423208,서울 마포구 신촌로26길 10,서울특별시 마포구 신촌로26길 10
월계종합사회복지관,노원구,초안산로 1길 51,서울특별시 노원구 초안산로 1길 51,37.62724445,127.0527656,서울 노원구 초안산로1길 51,서울특별시 노원구 초안산로 1길 51
월곡종합사회복지관,성북구,서울특별시 성북구 오패산로16길 23 (하월곡동),서울특별시 성북구 오패산로16길 23,37.60897959,127.0375369,서울 성북구 오패산로16길 23,서울특별시 성북구 오패산로16길 23
유락종합사회복지관,중구,"서울시 중구 퇴계로 460 								유락종합사회복지관",서울특별시 중구 퇴계로 460,37.56509826,127.0227631,서울 중구 퇴계로 460,서울특별시 중구 퇴계로 460
유린원광종합사회복지관,중랑구,"서울특별시 중랑구 신내로 56 (신내동) 								유린원광종합사회복지관",서울특별시 중랑구 신내로 56,37.60447047,127.0959157,서울 중랑구 신내로 56,서울특별시 중랑구 신내로 56
은곡직업전문학교,노원구,서울 노원구 동일로 1351,서울특별시 노원구 동일로 1351,37.64910207,127.0616852,서울 노원구 동일로 1351,서울특별시 노원구 동일로 1351
은평구립불광노인복지관,은평구,"서울특별시 은평구 연서로32길 17-11 (불광동) 								2층",서울특별시 은평구 연서로32길 17-11,37.6194805,126.9248633,서울 은평구 연서로32길 17-11,서울특별시 은평구 연서로32길 17-11
은평구립역촌노인복지관,은평구,서울특별시 은평구 연서로3나길 11-30 (역촌동),서울특별시 은평구 연서로3나길 11-30,37.60334272,126.9113711,서울 은평구 연서로3나길 11-30,서울특별시 은평구 연서로3나길 11-30
은평구립응암노인복지관,은평구,"서울특별시 은평구 응암로21가길 5-1 (응암동) 								4층",서울특별시 은평구 응암로21가길 5-1,37.59458155,126.9167731,서울 은평구 응암로21가길 5-1,서울특별시 은평구 응암로21가길 5-1
은평구청,은평구,"서울특별시 은평구 은평로 195 (녹번동) 								구의회 건물 2층 어르신복지과",서울특별시 은평구 은평로 195,37.60245742,126.9288229,서울 은평구 은평로 195,서울특별시 은평구 은평로 195
은평어르신일자리센터,은평구,"서울특별시 은평구 증산로23길 7 (신사동) 								4층",서울특별시 은평구 증산로23길 7,37.59723705,126.9143992,서울 은평구 증산로23길 7,서울특별시 은평구 증산로23길 7
이화여자대학교 종합사회복지관,서대문구,서울특별시 서대문구 이화여대길 52 (대현동),서울특별시 서대문구 이화여대길 52,37.56446452,126.9502888,서울 서대문구 이화여대길 52,서울특별시 서대문구 이화여대길 52
인왕노인복지관,서대문구,서울특별시 서대문구 통일로26길 12-5 (홍제동),서울특별시 서대문구 통일로26길 12-5,37.58278632,126.9506695,서울 서대문구 통일로26길 12-5,서울특별시 서대문구 통일로26길 12-5
인지어스 유한회사,강남구,"서울특별시 강남구 선릉로 433 (역삼동) 								7층",서울특별시 강남구 선릉로 433,37.50377398,127.0489144,서울 강남구 선릉로 433,서울특별시 강남구 선릉로 433
일과복지사회적협동조합,은평구,"서울 은평구 갈현로 10-7 								 지층",서울특별시 은평구 갈현로 10-7,37.59896977,126.9107799,서울 은평구 갈현로 10-7,서울특별시 은평구 갈현로 10-7
장안종합사회복지관,동대문구,"서울특별시 동대문구 한천로18길 48 (장안동) 								2층 사무실",서울특별시 동대문구 한천로18길 48,37.56795149,127.0661707,서울 동대문구 한천로18길 48,서울특별시 동대문구 한천로18길 48
재단법인 중랑문화재단,중랑구,"서울특별시 중랑구 망우로 353 (상봉동, 상봉 프레미어스 엠코) 								이노시티 C동 B2F",서울특별시 중랑구 망우로 353,37.59833282,127.0916241,서울 중랑구 망우로 353,서울특별시 중랑구 망우로 353
제이엠커리어,영등포구,"서울특별시 영등포구 경인로 775 (문래동3가) 								1동 9층(문래동3가, 에이스하이테크시티)",서울특별시 영등포구 경인로 775,37.51474642,126.8975368,서울 영등포구 경인로 775,서울특별시 영등포구 경인로 775
종로구보건소,종로구,"서울특별시 종로구 자하문로19길 36 (옥인동) 								2층 지역건강과",서울특별시 종로구 자하문로19길 36,37.58183053,126.9692258,서울 종로구 자하문로19길 36,서울특별시 종로구 자하문로19길 36
종로구청 어르신복지과,종로구,서울특별시 종로구 종로1길 50 (중학동),서울특별시 종로구 종로1길 50,37.57472447,126.9790224,서울 종로구 종로1길 50,서울특별시 종로구 종로1길 50
종로노인종합복지관,종로구,서울특별시 종로구 율곡로19길 17-8 (이화동),서울특별시 종로구 율곡로19길 17-8,37.57666791,127.0060206,서울 종로구 율곡로19길 17-8,서울특별시 종로구 율곡로19길 17-8
종로종합사회복지관,종로구,서울특별시 종로구 지봉로13길 82 (창신동),서울특별시 종로구 지봉로13길 82,37.57719623,127.0121786,서울 종로구 지봉로13길 82,서울특별시 종로구 지봉로13길 82
주식회사 상상우리,중구,"서울특별시 중구 수표로 12 (충무로3가) 								11층",서울특별시 중구 수표로 12,37.56228267,126.9906157,서울 중구 수표로 12,서울특별시 중구 수표로 12
주식회사 아이피시,강서구,"서울특별시 강서구 마곡중앙1로 14 (마곡동) 								5층",서울특별시 강서구 마곡중앙1로 14,37.55849472,126.8252131,서울 강서구 마곡중앙1로 14,서울특별시 강서구 마곡중앙1로 14
주식회사 인이어,구로구,"서울특별시 구로구 디지털로 300(구로동) 								13층 1320호",서울특별시 구로구 디지털로 300,37.48492704,126.896538,서울 구로구 디지털로 300,서울특별시 구로구 디지털로 300
중계종합사회복지관,노원구,"서울특별시 노원구 덕릉로 662 (중계동, 주공3단지아파트)",서울특별시 노원구 덕릉로 662,37.65639695,127.0766235,서울 노원구 덕릉로 662,서울특별시 노원구 덕릉로 662
중구청 복지환경국 어르신장애인복지과,중구,"서울특별시 중구예관동 창경궁로 17 								어르신장애인복지과 어르신복지팀",서울특별시 중구 창경궁로 17,37.56412015,126.9980097,서울 중구 창경궁로 17,서울특별시 중구 창경궁로 17
중구치매안심센터,중구,"서울특별시 중구 퇴계로 460(신당동) 								11층",서울특별시 중구 퇴계로 460,37.56509826,127.0227631,서울 중구 퇴계로 460,서울특별시 중구 퇴계로 460
중랑구청 생활복지국 어르신복지과,중랑구,"서울특별시 중랑구 봉화산로 179 (신내동) 								3층 어르신복지과",서울특별시 중랑구 봉화산로 179,37.60656359,127.0927248,서울 중랑구 봉화산로 179,서울특별시 중랑구 봉화산로 179
중랑노인종합복지관,중랑구,서울특별시 중랑구 겸재로9길 45 (면목동),서울특별시 중랑구 겸재로9길 45,37.58843496,127.0778419,서울 중랑구 겸재로9길 45,서울특별시 중랑구 겸재로9길 45
중랑여성인력개발센터,중랑구,"서울특별시 중랑구 망우로32길 20 (상봉동) 								3층",서울특별시 중랑구 망우로32길 20,37.59299595,127.0764763,서울 중랑구 망우로32길 20,서울특별시 중랑구 망우로32길 20
중림종합사회복지관,중구,"서울시 중구 서소문로 6길 16 								중림종합복지센터 5층 중림종합사회복지관",서울특별시 중구 서소문로 6길 16,37.55943026,126.9662595,서울 중구 서소문로6길 16,서울특별시 중구 서소문로 6길 16
지에스데이타(주),강서구,서울 강서구 화곡로 232,서울특별시 강서구 화곡로 232,37.54570418,126.8451729,서울 강서구 화곡로 232,서울특별시 강서구 화곡로 232
창동어르신복지관,도봉구,"서울 도봉구 덕릉로60차길 8 								창동어르신복지관",서울특별시 도봉구 덕릉로60차길 8,37.63672714,127.0415109,서울 도봉구 덕릉로60차길 8,서울특별시 도봉구 덕릉로60차길 8
청담종합사회복지관,금천구,서울특별시 금천구 금하로29길 36 (시흥동),서울특별시 금천구 금하로29길 36,37.45127295,126.9140885,서울 금천구 금하로29길 36,서울특별시 금천구 금하로29길 36
청파노인복지관,용산구,"서울특별시 용산구 청파로83길 26 (서계동) 								청파노인복지센터",서울특별시 용산구 청파로83길 26,37.55200626,126.9676967,서울 용산구 청파로83길 26,서울특별시 용산구 청파로83길 26
코레일시니어직능클럽,용산구,"서울특별시 용산구 한강대로21길 35 (한강로3가) 								서울전기사업소 2층",서울특별시 용산구 한강대로21길 35,37.52718052,126.9629619,서울 용산구 한강대로21길 35,서울특별시 용산구 한강대로21길 35
퍼스트인잡(주),은평구,"서울특별시 은평구 은평로 52 (신사동) 								5층",서울특별시 은평구 은평로 52,37.59844965,126.9135965,서울 은평구 은평로 52,서울특별시 은평구 은평로 52
퍼스트인잡(주)서울북부지사,중랑구,"서울특별시 중랑구 면목로 481 (상봉동) 								8층 801호",서울특별시 중랑구 면목로 481,37.59477641,127.0856529,서울 중랑구 면목로 481,서울특별시 중랑구 면목로 481
평화종합사회복지관,노원구,"서울특별시 노원구 노원로 331 (중계동, 시영3단지목련아파트)",서울특별시 노원구 노원로 331,37.64617069,127.0695215,서울 노원구 노원로 331,서울특별시 노원구 노원로 331
한국경호경비협회혐동조합,동대문구,"서울특별시 동대문구 천호대로 83 (용두동) 								동우빌딩404-503호",서울특별시 동대문구 천호대로 83,37.57421069,127.0326322,서울 동대문구 천호대로 83,서울특별시 동대문구 천호대로 83
한국노인인력개발원 서울지역본부,중구,"서울특별시 중구 세종대로 17 (남대문로5가) 								19층",서울특별시 중구 세종대로 17,37.55862386,126.9732635,서울 중구 세종대로 17,서울특별시 중구 세종대로 17
한빛종합사회복지관,양천구,"서울 양천구 신월로 								11길 16",서울특별시 양천구 신월로11길 16,37.51907402,126.8402256,서울 양천구 신월로11길 16,서울특별시 양천구 신월로11길 16
할로마켓 두번째 봄 사회적협동조합,강동구,"서울 강동구 강동대로 143-64 								2층",서울특별시 강동구 강동대로 143-64,37.52808076,127.1201143,서울 강동구 강동대로 143-64,서울특별시 강동구 강동대로 143-64
홍은종합사회복지관,서대문구,서울특별시 서대문구 세검정로1길 116 (홍은동),서울특별시 서대문구 세검정로1길 116,37.59539413,126.946431,서울 서대문구 세검정로1길 116,서울특별시 서대문구 세검정로1길 116
화곡노인복지센터,강서구,"서울특별시 강서구화곡동 월정로30길  								96호 3층",서울특별시 강서구 월정로30길,37.53485466,126.8390685,서울 강서구 월정로30길,서울특별시 강서구 월정로30길
화원종합사회복지관,구로구,서울특별시 구로구 벚꽃로 484 3층 사무실,서울특별시 구로구 벚꽃로 484,37.49733165,126.8801354,서울 구로구 벚꽃로 484,서울특별시 구로구 벚꽃로 484
효창종합사회복지관,용산구,"서울특별시 용산구 효창동 효창원로 146-12 								효창종합사회복지관",서울특별시 용산구 효창원로 146-12,37.54114364,126.9631011,서울 용산구 효창원로 146-12,서울특별시 용산구 효창원로 146-12
휴 사회적협동조합,강남구,"서울특별시 강남구 강남대로 320 (역삼동) 								5층 엘에스 01호",서울특별시 강남구 강남대로 320,37.49185331,127.0310482,서울 강남구 강남대로 320,서울특별시 강남구 강남대로 320
흑석종합사회복지관,동작구,"서울특별시 동작구본동 노량진로32길  								79",서울특별시 동작구 노량진로32길,37.5104381,126.9561996,서울 동작구 노량진로32길,서울특별시 동작구 노량진로32길
서울강남시니어클럽,강남구,"서울특별시 강남구 학동로43길 17, 2.4층 (논현동, 논현2문화센터)",서울특별시 강남구 학동로43길 17,37.51728313,127.0372042,서울 강남구 학동로43길 17,서울특별시 강남구 학동로43길 17
사회복지법인 영산,강남구,"서울특별시 강남구 봉은사로68길 39-3, 3층 (삼성동, 봉전경로당)",서울특별시 강남구 봉은사로68길 39-3,37.50986214,127.0519007,서울 강남구 봉은사로68길 39-3,서울특별시 강남구 봉은사로68길 39-3
중랑시니어클럽,중랑구,"서울특별시 중랑구 동일로154길 38, 4-5층 (묵동, 화랑마을 시니어센터)",서울특별시 중랑구 동일로154길 38,37.60903707,127.0803186,서울 중랑구 동일로154길 38,서울특별시 중랑구 동일로154길 38
서울중구시니어클럽,중구,서울특별시 중구 퇴계로80길 52 (신당동),서울특별시 중구 퇴계로80길 52,37.5632161,127.0173196,서울 중구 퇴계로80길 52,서울특별시 중구 퇴계로80길 52
강북시니어클럽,강북구,"서울특별시 강북구 오현로9길 49, B1층 (미아동)",서울특별시 강북구 오현로9길 49,37.61874314,127.033378,서울 강북구 오현로9길 49,서울특별시 강북구 오현로9길 49
관악시니어클럽,관악구,서울특별시 관악구 남부순환로247다길 60 (봉천동),서울특별시 관악구 남부순환로247다길 60,37.4786665,126.9641329,서울 관악구 남부순환로247다길 60,서울특별시 관악구 남부순환로247다길 60
도봉시니어클럽,도봉구,"서울특별시 도봉구 노해로 383, 5층 (창동, KB국민은행창동종합금융센터)",서울특별시 도봉구 노해로 383,37.65258382,127.0507311,서울 도봉구 노해로 383,서울특별시 도봉구 노해로 383
송파시니어클럽,송파구,"서울특별시 송파구 백제고분로42길 5 (송파동, 4층)",서울특별시 송파구 백제고분로42길 5,37.5059055,127.1097882,서울 송파구 백제고분로42길 5,서울특별시 송파구 백제고분로42길 5
강동시니어클럽,강동구,서울특별시 강동구 구천면로24길 20-12 (천호동),서울특별시 강동구 구천면로24길 20-12,37.54011524,127.1253105,서울 강동구 구천면로24길 20-12,서울특별시 강동구 구천면로24길 20-12
영등포시니어클럽,영등포구,서울특별시 영등포구 영중로 리마크빌 영등포 C 동 1 층 109 호,서울특별시 영등포구 영중로 119,37.5267661,126.9052311,서울 영등포구 영중로 119,서울특별시 영등포구 영중로 119
성북시니어클럽,성북구,서울특별시 성북구 안암동5가 104번지 148호,서울특별시 성북구 안암로 79,37.58342042,127.0297324,서울 성북구 안암로 79,서울특별시 성북구 안암로 79
서대문시니어클럽,서대문구,"서울특별시 서대문구 연희로 26, 1,3층 (창천동, 동방사회복지회본관)",서울특별시 서대문구 연희로 26,37.56099761,126.9271062,서울 서대문구 연희로 26,서울특별시 서대문구 연희로 26
양천시니어클럽,양천구,"서울특별시 양천구 목동동로 81, 3층 (신정동)",서울특별시 양천구 목동동로 81,37.51597606,126.8638545,서울 양천구 목동동로 81,서울특별시 양천구 목동동로 81
광진시니어클럽,광진구,서울특별시 광진구 자양번영로7길 16-9 (자양동),서울특별시 광진구 자양번영로7길 16-9,37.53625027,127.0754334,서울 광진구 자양번영로7길 16-9,서울특별시 광진구 자양번영로7길 16-9
금천시니어클럽,금천구,서울특별시 금천구 시흥대로 금천리메인시티 501 호,서울특별시 금천구 시흥대로 224,37.45393842,126.9013962,서울 금천구 시흥대로 224,서울특별시 금천구 시흥대로 224
강서시니어클럽,강서구,서울특별시 강서구 방화동 567번지 35호 방신시장고객지원센터 4층,서울특별시 강서구 방화동로 124-1,37.57155396,126.8122154,서울 강서구 방화동로 124-1,서울특별시 강서구 방화동로 124-1
동대문시니어클럽,동대문구,"서울특별시 동대문구 무학로 89, 3층 (용두동, 3층 )",서울특별시 동대문구 무학로 89,37.57229012,127.0299169,서울 동대문구 무학로 89,서울특별시 동대문구 무학로 89
구로시니어클럽,구로구,"서울특별시 구로구 경인로20가길 38, 3층 (오류동)",서울특별시 구로구 경인로20가길 38,37.49535812,126.8460358,서울 구로구 경인로20가길 38,서울특별시 구로구 경인로20가길 38
종로시니어클럽,종로구,서울특별시 종로구 숭인동 546번지 2층,서울특별시 종로구 숭인동2길 28,37.57829686,127.0202476,서울 종로구 숭인동2길 28,서울특별시 종로구 숭인동2길 28
은평시니어클럽,은평구,"서울특별시 은평구 증산로23길 7, 1~3층 (신사동)",서울특별시 은평구 증산로23길 7,37.59723705,126.9143992,서울 은평구 증산로23길 7,서울특별시 은평구 증산로23길 7
마포시니어클럽,마포구,서울특별시 마포구 동교로8길 58 (합정동),서울특별시 마포구 동교로8길 58,37.54944693,126.9057451,서울 마포구 동교로8길 58,서울특별시 마포구 동교로8길 58
대한노인회 서울 강서구지회,강서구,서울특별시 강서구 우장산로 24-7 (내발산동),서울특별시 강서구 우장산로 24-7,37.53198298,126.8440323,서울특별시 강서구 우장산로 24-7,서울특별시 강서구 우장산로 24-7
